January 2025

Pausha Putrada Ekadashi
January 9, 2025, Thursday
Pausha, Shukla Ekadashi

Pausha Purnima
January 13, 2025, Monday
Pausha, Shukla Purnima

Makara Sankranti
January 14, 2025, Tuesday
Dhanu to Makara transit of Sun

Pongal
January 14, 2025, Tuesday
on Makara Sankranti day

Purna Kumbha @Prayagraj
January 14, 2025, Tuesday
Makara Surya and Vrishabha Guru

Sakat Chauth
January 17, 2025, Friday
Magha, Krishna Chaturthi

Shattila Ekadashi
January 25, 2025, Saturday
Magha, Krishna Ekadashi

Mauni Amavas
January 29, 2025, Wednesday
Magha, Krishna Amavasya


February 2025

Vasant Panchami
February 2, 2025, Sunday
Magha, Shukla Panchami

Ratha Saptami
February 4, 2025, Tuesday
Magha, Shukla Saptami

Bhishma Ashtami
February 5, 2025, Wednesday
Magha, Shukla Ashtami

Jaya Ekadashi
February 8, 2025, Saturday
Magha, Shukla Ekadashi

Kumbha Sankranti
February 12, 2025, Wednesday
Makara to Kumbha transit of Sun

Purna Kumbha ends @Prayagraj
February 12, 2025, Wednesday
Makara Surya and Vrishabha Guru

Magha Purnima
February 12, 2025, Wednesday
Magha, Shukla Purnima

Vijaya Ekadashi
February 24, 2025, Monday
Phalguna, Krishna Ekadashi

Maha Shivaratri
February 26, 2025, Wednesday
Phalguna, Krishna Chaturdashi


March 2025

Amalaki Ekadashi
March 9, 2025, Sunday
Phalguna, Shukla Ekadashi

Chhoti Holi
March 13, 2025, Thursday
Phalguna, Shukla Purnima

Holika Dahan
March 13, 2025, Thursday
Phalguna, Shukla Purnima

Phalguna Purnima
March 13, 2025, Thursday
Phalguna, Shukla Purnima

Holi
March 14, 2025, Friday
Chaitra, Krishna Pratipada

Meena Sankranti
March 14, 2025, Friday
Kumbha to Meena transit of Sun

Chandra Grahan *Purna
March 14, 2025, Friday
occurs during Purnima

Sheetala Ashtami
March 22, 2025, Saturday
Chaitra, Krishna Ashtami

Basoda
March 22, 2025, Saturday
Chaitra, Krishna Ashtami

Papamochani Ekadashi
March 25, 2025, Tuesday
Chaitra, Krishna Ekadashi

Surya Grahan *Anshika
March 29, 2025, Saturday
occurs during Amavasya

Ugadi
March 30, 2025, Sunday
Chaitra, Shukla Pratipada

Gudi Padwa
March 30, 2025, Sunday
Chaitra, Shukla Pratipada

Chaitra Navratri
March 30, 2025, Sunday
Chaitra, Shukla Pratipada

Gauri Puja
March 31, 2025, Monday
Chaitra, Shukla Tritiya

Gangaur
March 31, 2025, Monday
Chaitra, Shukla Tritiya


April 2025

Yamuna Chhath
April 3, 2025, Thursday
Chaitra, Shukla Shashthi

Rama Navami
April 6, 2025, Sunday
Chaitra, Shukla Navami

Swaminarayan Jayanti
April 6, 2025, Sunday
Chaitra, Shukla Navami

Kamada Ekadashi
April 8, 2025, Tuesday
Chaitra, Shukla Ekadashi

Hanuman Jayanti
April 12, 2025, Saturday
Chaitra, Shukla Purnima

Hanuman Janmotsava
April 12, 2025, Saturday
Chaitra, Shukla Purnima

Chaitra Purnima
April 12, 2025, Saturday
Chaitra, Shukla Purnima

Mesha Sankranti
April 13, 2025, Sunday
Meena to Mesha transit of Sun

Solar New Year
April 13, 2025, Sunday
first day of Hindu Solar calendar

Varuthini Ekadashi
April 24, 2025, Thursday
Vaishakha, Krishna Ekadashi

Parashurama Jayanti
April 29, 2025, Tuesday
Vaishakha, Shukla Tritiya

Akshaya Tritiya
April 30, 2025, Wednesday
Vaishakha, Shukla Tritiya


May 2025

Ganga Saptami
May 3, 2025, Saturday
Vaishakha, Shukla Saptami

Sita Navami
May 5, 2025, Monday
Vaishakha, Shukla Navami

Mohini Ekadashi
May 8, 2025, Thursday
Vaishakha, Shukla Ekadashi

Narasimha Jayanti
May 10, 2025, Saturday
Vaishakha, Shukla Chaturdashi

Buddha Purnima
May 12, 2025, Monday
Vaishakha, Shukla Purnima

Vaishakha Purnima
May 12, 2025, Monday
Vaishakha, Shukla Purnima

Narada Jayanti
May 13, 2025, Tuesday
Jyeshtha, Krishna Pratipada

Vrishabha Sankranti
May 14, 2025, Wednesday
Mesha to Vrishabha transit of Sun

Apara Ekadashi
May 23, 2025, Friday
Jyeshtha, Krishna Ekadashi

Vat Savitri Vrat
May 26, 2025, Monday
Jyeshtha, Krishna Amavasya

Shani Jayanti
May 26, 2025, Monday
Jyeshtha, Krishna Amavasya


June 2025

Ganga Dussehra
June 5, 2025, Thursday
Jyeshtha, Shukla Dashami

Nirjala Ekadashi
June 6, 2025, Friday
Jyeshtha, Shukla Ekadashi

Vat Purnima Vrat
June 10, 2025, Tuesday
Jyeshtha, Shukla Purnima

Jyeshtha Purnima
June 11, 2025, Wednesday
Jyeshtha, Shukla Purnima

Mithuna Sankranti
June 15, 2025, Sunday
Vrishabha to Mithuna transit of Sun

Yogini Ekadashi
June 21, 2025, Saturday
Ashadha, Krishna Ekadashi

Jagannath Rathyatra
June 27, 2025, Friday
Ashadha, Shukla Dwitiya


July 2025

Devshayani Ekadashi
July 6, 2025, Sunday
Ashadha, Shukla Ekadashi

Guru Purnima
July 10, 2025, Thursday
Ashadha, Shukla Purnima

Ashadha Purnima
July 10, 2025, Thursday
Ashadha, Shukla Purnima

Karka Sankranti
July 16, 2025, Wednesday
Mithuna to Karka transit of Sun

Kamika Ekadashi
July 20, 2025, Sunday
Shravana, Krishna Ekadashi

Gauna Kamika Ekadashi
July 21, 2025, Monday
Shravana, Krishna Ekadashi

Hariyali Teej
July 27, 2025, Sunday
Shravana, Shukla Tritiya

Nag Panchami
July 29, 2025, Tuesday
Shravana, Shukla Panchami


August 2025

Shravana Putrada Ekadashi
August 5, 2025, Tuesday
Shravana, Shukla Ekadashi

Varalakshmi Vrat
August 8, 2025, Friday
Friday before Shravana Purnima

Raksha Bandhan
August 9, 2025, Saturday
Shravana, Shukla Purnima

Rakhi
August 9, 2025, Saturday
Shravana, Shukla Purnima

Gayatri Jayanti
August 9, 2025, Saturday
Shravana, Shukla Purnima

Shravana Purnima
August 9, 2025, Saturday
Shravana, Shukla Purnima

Kajari Teej
August 11, 2025, Monday
Bhadrapada, Krishna Tritiya

Janmashtami *Smarta
August 15, 2025, Friday
Bhadrapada, Krishna Ashtami

Janmashtami *ISKCON
August 16, 2025, Saturday
Bhadrapada, Krishna Ashtami

Simha Sankranti
August 16, 2025, Saturday
Karka to Simha transit of Sun

Aja Ekadashi
August 19, 2025, Tuesday
Bhadrapada, Krishna Ekadashi

Hartalika Teej
August 26, 2025, Tuesday
Bhadrapada, Shukla Tritiya

Ganesh Chaturthi
August 26, 2025, Tuesday
Bhadrapada, Shukla Chaturthi

Rishi Panchami
August 27, 2025, Wednesday
Bhadrapada, Shukla Panchami

Balarama Jayanti
August 29, 2025, Friday
Bhadrapada, Shukla Shashthi

Radha Ashtami
August 31, 2025, Sunday
Bhadrapada, Shukla Ashtami


September 2025

Parsva Ekadashi
September 3, 2025, Wednesday
Bhadrapada, Shukla Ekadashi

Onam
September 5, 2025, Friday
Sun in Simha & Shravana Nakshatra

Ganesh Visarjan
September 6, 2025, Saturday
Bhadrapada, Shukla Chaturdashi

Anant Chaturdashi
September 6, 2025, Saturday
Bhadrapada, Shukla Chaturdashi

Chandra Grahan *Purna
September 7, 2025, Sunday
occurs during Purnima

Bhadrapada Purnima
September 7, 2025, Sunday
Bhadrapada, Shukla Purnima

Pitrupaksha Begins
September 8, 2025, Monday
Ashwina, Krishna Pratipada

Vishwakarma Puja
September 16, 2025, Tuesday
on Kanya Sankranti day

Kanya Sankranti
September 16, 2025, Tuesday
Simha to Kanya transit of Sun

Indira Ekadashi
September 17, 2025, Wednesday
Ashwina, Krishna Ekadashi

Sarva Pitru Amavasya
September 21, 2025, Sunday
Ashwina, Krishna Amavasya

Surya Grahan *Anshika
September 21, 2025, Sunday
occurs during Amavasya

Navratri Begins
September 22, 2025, Monday
Ashwina, Shukla Pratipada

Saraswati Avahan
September 29, 2025, Monday
Ashwina, Mula Nakshatra

Saraswati Puja
September 30, 2025, Tuesday
Ashwina, Purva Ashadha Nakshatra

Durga Ashtami
September 30, 2025, Tuesday
Ashwina, Shukla Ashtami

Maha Navami
September 30, 2025, Tuesday
Ashwina, Shukla Navami


October 2025

Vijayadashami
October 2, 2025, Thursday
Ashwina, Shukla Dashami

Dussehra
October 2, 2025, Thursday
Ashwina, Shukla Dashami

Papankusha Ekadashi
October 3, 2025, Friday
Ashwina, Shukla Ekadashi

Kojagara Puja
October 6, 2025, Monday
Ashwina, Shukla Purnima

Sharad Purnima
October 6, 2025, Monday
Ashwina, Shukla Purnima

Ashwina Purnima
October 6, 2025, Monday
Ashwina, Shukla Purnima

Karwa Chauth
October 9, 2025, Thursday
Kartika, Krishna Chaturthi

Ahoi Ashtami
October 13, 2025, Monday
Kartika, Krishna Ashtami

Rama Ekadashi
October 16, 2025, Thursday
Kartika, Krishna Ekadashi

Govatsa Dwadashi
October 17, 2025, Friday
Kartika, Krishna Dwadashi

Tula Sankranti
October 17, 2025, Friday
Kanya to Tula transit of Sun

Dhanteras
October 18, 2025, Saturday
Kartika, Krishna Trayodashi

Kali Chaudas
October 19, 2025, Sunday
Kartika, Krishna Chaturdashi

Lakshmi Puja
October 20, 2025, Monday
Kartika, Krishna Amavasya

Narak Chaturdashi
October 20, 2025, Monday
Kartika, Krishna Chaturdashi

Diwali
October 20, 2025, Monday
Kartika, Krishna Amavasya

Govardhan Puja
October 22, 2025, Wednesday
Kartika, Shukla Pratipada

Bhaiya Dooj
October 23, 2025, Thursday
Kartika, Shukla Dwitiya

Chhath Puja
October 27, 2025, Monday
Kartika, Shukla Shashthi

Kansa Vadh
October 31, 2025, Friday
Kartika, Shukla Dashami


November 2025

Devutthana Ekadashi
November 1, 2025, Saturday
Kartika, Shukla Ekadashi

Tulasi Vivah
November 2, 2025, Sunday
Kartika, Shukla Dwadashi

Kartika Purnima
November 5, 2025, Wednesday
Kartika, Shukla Purnima

Kalabhairav Jayanti
November 11, 2025, Tuesday
Margashirsha, Krishna Ashtami

Utpanna Ekadashi
November 15, 2025, Saturday
Margashirsha, Krishna Ekadashi

Vrishchika Sankranti
November 16, 2025, Sunday
Tula to Vrishchika transit of Sun

Vivah Panchami
November 25, 2025, Tuesday
Margashirsha, Shukla Panchami


December 2025

Gita Jayanti
December 1, 2025, Monday
Margashirsha, Shukla Ekadashi

Mokshada Ekadashi
December 1, 2025, Monday
Margashirsha, Shukla Ekadashi

Dattatreya Jayanti
December 4, 2025, Thursday
Margashirsha, Shukla Purnima

Margashirsha Purnima
December 4, 2025, Thursday
Margashirsha, Shukla Purnima

Dhanu Sankranti
December 15, 2025, Monday
Vrishchika to Dhanu transit of Sun

Saphala Ekadashi
December 15, 2025, Monday
Pausha, Krishna Ekadashi

Pausha Putrada Ekadashi
December 30, 2025, Tuesday
Pausha, Shukla Ekadashi