2026 Hindu Festivals
[2082 - 2083] Vikrama Samvata

January 2026

Pausha Purnima
January 3, 2026, Saturday
Pausha, Shukla Purnima

Sakat Chauth
January 6, 2026, Tuesday
Magha, Krishna Chaturthi

Makara Sankranti
January 14, 2026, Wednesday
Dhanu to Makara transit of Sun

Pongal
January 14, 2026, Wednesday
on Makara Sankranti day

Shattila Ekadashi
January 14, 2026, Wednesday
Magha, Krishna Ekadashi

Mauni Amavas
January 18, 2026, Sunday
Magha, Krishna Amavasya

Vasant Panchami
January 23, 2026, Friday
Magha, Shukla Panchami

Ratha Saptami
January 25, 2026, Sunday
Magha, Shukla Saptami

Bhishma Ashtami
January 26, 2026, Monday
Magha, Shukla Ashtami

Jaya Ekadashi
January 28, 2026, Wednesday
Magha, Shukla Ekadashi

Gauna Jaya Ekadashi
January 29, 2026, Thursday
Magha, Shukla Ekadashi


February 2026

Magha Purnima
February 1, 2026, Sunday
Magha, Shukla Purnima

Kumbha Sankranti
February 12, 2026, Thursday
Makara to Kumbha transit of Sun

Vijaya Ekadashi
February 13, 2026, Friday
Phalguna, Krishna Ekadashi

Maha Shivaratri
February 15, 2026, Sunday
Phalguna, Krishna Chaturdashi

Surya Grahan *Valayakara
February 17, 2026, Tuesday
occurs during Amavasya

Amalaki Ekadashi
February 27, 2026, Friday
Phalguna, Shukla Ekadashi


March 2026

Chhoti Holi
March 2, 2026, Monday
Phalguna, Shukla Purnima

Holika Dahan
March 2, 2026, Monday
Phalguna, Shukla Purnima

Holi
March 3, 2026, Tuesday
Chaitra, Krishna Pratipada

Chandra Grahan *Purna
March 3, 2026, Tuesday
occurs during Purnima

Phalguna Purnima
March 3, 2026, Tuesday
Phalguna, Shukla Purnima

Sheetala Ashtami
March 11, 2026, Wednesday
Chaitra, Krishna Ashtami

Basoda
March 11, 2026, Wednesday
Chaitra, Krishna Ashtami

Meena Sankranti
March 14, 2026, Saturday
Kumbha to Meena transit of Sun

Papamochani Ekadashi
March 14, 2026, Saturday
Chaitra, Krishna Ekadashi

Ugadi
March 19, 2026, Thursday
Chaitra, Shukla Pratipada

Gudi Padwa
March 19, 2026, Thursday
Chaitra, Shukla Pratipada

Chaitra Navratri
March 19, 2026, Thursday
Chaitra, Shukla Pratipada

Gauri Puja
March 21, 2026, Saturday
Chaitra, Shukla Tritiya

Gangaur
March 21, 2026, Saturday
Chaitra, Shukla Tritiya

Yamuna Chhath
March 24, 2026, Tuesday
Chaitra, Shukla Shashthi

Rama Navami
March 26, 2026, Thursday
Chaitra, Shukla Navami

Swaminarayan Jayanti
March 26, 2026, Thursday
Chaitra, Shukla Navami

Kamada Ekadashi
March 28, 2026, Saturday
Chaitra, Shukla Ekadashi


April 2026

Hanuman Jayanti
April 1, 2026, Wednesday
Chaitra, Shukla Purnima

Hanuman Janmotsava
April 1, 2026, Wednesday
Chaitra, Shukla Purnima

Chaitra Purnima
April 1, 2026, Wednesday
Chaitra, Shukla Purnima

Varuthini Ekadashi
April 13, 2026, Monday
Vaishakha, Krishna Ekadashi

Mesha Sankranti
April 14, 2026, Tuesday
Meena to Mesha transit of Sun

Solar New Year
April 14, 2026, Tuesday
first day of Hindu Solar calendar

Parashurama Jayanti
April 19, 2026, Sunday
Vaishakha, Shukla Tritiya

Akshaya Tritiya
April 19, 2026, Sunday
Vaishakha, Shukla Tritiya

Ganga Saptami
April 23, 2026, Thursday
Vaishakha, Shukla Saptami

Sita Navami
April 25, 2026, Saturday
Vaishakha, Shukla Navami

Mohini Ekadashi
April 27, 2026, Monday
Vaishakha, Shukla Ekadashi

Narasimha Jayanti
April 29, 2026, Wednesday
Vaishakha, Shukla Chaturdashi


May 2026

Buddha Purnima
May 1, 2026, Friday
Vaishakha, Shukla Purnima

Vaishakha Purnima
May 1, 2026, Friday
Vaishakha, Shukla Purnima

Narada Jayanti
May 2, 2026, Saturday
Jyeshtha, Krishna Pratipada

Apara Ekadashi
May 13, 2026, Wednesday
Jyeshtha, Krishna Ekadashi

Vrishabha Sankranti
May 15, 2026, Friday
Mesha to Vrishabha transit of Sun

Vat Savitri Vrat
May 16, 2026, Saturday
Jyeshtha, Krishna Amavasya

Shani Jayanti
May 16, 2026, Saturday
Jyeshtha, Krishna Amavasya

Ganga Dussehra
May 25, 2026, Monday
Jyeshtha, Shukla Dashami

Padmini Ekadashi
May 26, 2026, Tuesday
Jyeshtha Adhika, Shukla Ekadashi

Jyeshtha Adhika Purnima
May 31, 2026, Sunday
Jyeshtha Adhika, Shukla Purnima


June 2026

Parama Ekadashi
June 11, 2026, Thursday
Jyeshtha Adhika, Krishna Ekadashi

Mithuna Sankranti
June 15, 2026, Monday
Vrishabha to Mithuna transit of Sun

Nirjala Ekadashi
June 25, 2026, Thursday
Jyeshtha, Shukla Ekadashi

Vat Purnima Vrat
June 29, 2026, Monday
Jyeshtha, Shukla Purnima

Jyeshtha Purnima
June 29, 2026, Monday
Jyeshtha, Shukla Purnima


July 2026

Yogini Ekadashi
July 10, 2026, Friday
Ashadha, Krishna Ekadashi

Jagannath Rathyatra
July 15, 2026, Wednesday
Ashadha, Shukla Dwitiya

Karka Sankranti
July 16, 2026, Thursday
Mithuna to Karka transit of Sun

Devshayani Ekadashi
July 25, 2026, Saturday
Ashadha, Shukla Ekadashi

Guru Purnima
July 29, 2026, Wednesday
Ashadha, Shukla Purnima

Ashadha Purnima
July 29, 2026, Wednesday
Ashadha, Shukla Purnima


August 2026

Kamika Ekadashi
August 8, 2026, Saturday
Shravana, Krishna Ekadashi

Gauna Kamika Ekadashi
August 9, 2026, Sunday
Shravana, Krishna Ekadashi

Surya Grahan *Purna
August 12, 2026, Wednesday
occurs during Amavasya

Hariyali Teej
August 15, 2026, Saturday
Shravana, Shukla Tritiya

Nag Panchami
August 17, 2026, Monday
Shravana, Shukla Panchami

Simha Sankranti
August 17, 2026, Monday
Karka to Simha transit of Sun

Varalakshmi Vrat
August 21, 2026, Friday
Friday before Shravana Purnima

Shravana Putrada Ekadashi
August 23, 2026, Sunday
Shravana, Shukla Ekadashi

Onam
August 26, 2026, Wednesday
Sun in Simha & Shravana Nakshatra

Raksha Bandhan
August 27, 2026, Thursday
Shravana, Shukla Purnima

Rakhi
August 27, 2026, Thursday
Shravana, Shukla Purnima

Gayatri Jayanti
August 27, 2026, Thursday
Shravana, Shukla Purnima

Shravana Purnima
August 27, 2026, Thursday
Shravana, Shukla Purnima

Chandra Grahan *Anshika
August 28, 2026, Friday
occurs during Purnima

Kajari Teej
August 30, 2026, Sunday
Bhadrapada, Krishna Tritiya


September 2026

Janmashtami *Smarta
September 3, 2026, Thursday
Bhadrapada, Krishna Ashtami

Janmashtami *ISKCON
September 4, 2026, Friday
Bhadrapada, Krishna Ashtami

Aja Ekadashi
September 7, 2026, Monday
Bhadrapada, Krishna Ekadashi

Hartalika Teej
September 13, 2026, Sunday
Bhadrapada, Shukla Tritiya

Ganesh Chaturthi
September 14, 2026, Monday
Bhadrapada, Shukla Chaturthi

Rishi Panchami
September 15, 2026, Tuesday
Bhadrapada, Shukla Panchami

Balarama Jayanti
September 16, 2026, Wednesday
Bhadrapada, Shukla Shashthi

Vishwakarma Puja
September 17, 2026, Thursday
on Kanya Sankranti day

Kanya Sankranti
September 17, 2026, Thursday
Simha to Kanya transit of Sun

Radha Ashtami
September 18, 2026, Friday
Bhadrapada, Shukla Ashtami

Parsva Ekadashi
September 22, 2026, Tuesday
Bhadrapada, Shukla Ekadashi

Ganesh Visarjan
September 25, 2026, Friday
Bhadrapada, Shukla Chaturdashi

Anant Chaturdashi
September 25, 2026, Friday
Bhadrapada, Shukla Chaturdashi

Bhadrapada Purnima
September 26, 2026, Saturday
Bhadrapada, Shukla Purnima

Pitrupaksha Begins
September 27, 2026, Sunday
Ashwina, Krishna Pratipada


October 2026

Indira Ekadashi
October 6, 2026, Tuesday
Ashwina, Krishna Ekadashi

Sarva Pitru Amavasya
October 10, 2026, Saturday
Ashwina, Krishna Amavasya

Navratri Begins
October 11, 2026, Sunday
Ashwina, Shukla Pratipada

Saraswati Avahan
October 16, 2026, Friday
Ashwina, Mula Nakshatra

Saraswati Puja
October 17, 2026, Saturday
Ashwina, Purva Ashadha Nakshatra

Tula Sankranti
October 17, 2026, Saturday
Kanya to Tula transit of Sun

Durga Ashtami
October 18, 2026, Sunday
Ashwina, Shukla Ashtami

Maha Navami
October 19, 2026, Monday
Ashwina, Shukla Navami

Vijayadashami
October 20, 2026, Tuesday
Ashwina, Shukla Dashami

Dussehra
October 20, 2026, Tuesday
Ashwina, Shukla Dashami

Papankusha Ekadashi
October 22, 2026, Thursday
Ashwina, Shukla Ekadashi

Kojagara Puja
October 25, 2026, Sunday
Ashwina, Shukla Purnima

Sharad Purnima
October 25, 2026, Sunday
Ashwina, Shukla Purnima

Ashwina Purnima
October 25, 2026, Sunday
Ashwina, Shukla Purnima

Karwa Chauth
October 29, 2026, Thursday
Kartika, Krishna Chaturthi


November 2026

Ahoi Ashtami
November 1, 2026, Sunday
Kartika, Krishna Ashtami

Rama Ekadashi
November 4, 2026, Wednesday
Kartika, Krishna Ekadashi

Govatsa Dwadashi
November 5, 2026, Thursday
Kartika, Krishna Dwadashi

Dhanteras
November 6, 2026, Friday
Kartika, Krishna Trayodashi

Kali Chaudas
November 7, 2026, Saturday
Kartika, Krishna Chaturdashi

Narak Chaturdashi
November 7, 2026, Saturday
Kartika, Krishna Chaturdashi

Lakshmi Puja
November 8, 2026, Sunday
Kartika, Krishna Amavasya

Diwali
November 8, 2026, Sunday
Kartika, Krishna Amavasya

Govardhan Puja
November 9, 2026, Monday
Kartika, Shukla Pratipada

Bhaiya Dooj
November 10, 2026, Tuesday
Kartika, Shukla Dwitiya

Chhath Puja
November 15, 2026, Sunday
Kartika, Shukla Shashthi

Vrishchika Sankranti
November 16, 2026, Monday
Tula to Vrishchika transit of Sun

Kansa Vadh
November 19, 2026, Thursday
Kartika, Shukla Dashami

Devutthana Ekadashi
November 20, 2026, Friday
Kartika, Shukla Ekadashi

Tulasi Vivah
November 21, 2026, Saturday
Kartika, Shukla Dwadashi

Kartika Purnima
November 24, 2026, Tuesday
Kartika, Shukla Purnima

Kalabhairav Jayanti
November 30, 2026, Monday
Margashirsha, Krishna Ashtami


December 2026

Utpanna Ekadashi
December 4, 2026, Friday
Margashirsha, Krishna Ekadashi

Vivah Panchami
December 14, 2026, Monday
Margashirsha, Shukla Panchami

Dhanu Sankranti
December 16, 2026, Wednesday
Vrishchika to Dhanu transit of Sun

Gita Jayanti
December 20, 2026, Sunday
Margashirsha, Shukla Ekadashi

Mokshada Ekadashi
December 20, 2026, Sunday
Margashirsha, Shukla Ekadashi

Dattatreya Jayanti
December 23, 2026, Wednesday
Margashirsha, Shukla Purnima

Margashirsha Purnima
December 23, 2026, Wednesday
Margashirsha, Shukla Purnima